GNI,DR,SC,3BD,HOS,LifeEx,pop,urb,WLE,WUE,MYE,MAE,MLE,MUE,WAE
10,54.0,21.4,23.2,4.58,76.6,2.92,46.7,55.5,22.6,9.45,21.6,69.6,8.83,22.0
6,99.7,37.2,22.9,6.3,55.4,23.5,43.7,46.4,7.26,5.57,34.5,45.5,19.9,46.3
7,43.8,20.6,28.5,4.55,73.3,2.88,61.9,39.2,46.7,11.4,9.63,72.4,18.0,14.1
15,50.9,26.4,13.8,5.02,70.9,8.49,55.2,33.1,49.0,10.6,13.1,66.5,20.4,17.9
3,68.5,42.5,27.1,6.09,69.9,148.0,23.9,77.5,12.2,4.44,29.4,58.3,12.2,10.3
2,111.0,47.3,22.4,6.82,59.3,9.21,40.9,67.6,2.96,3.07,50.5,39.1,10.4,29.4
5,78.9,25.3,17.1,4.95,68.0,10.0,58.1,60.1,14.0,7.98,25.4,42.1,32.6,25.9
1,111.0,34.6,39.9,7.82,57.1,15.6,22.3,40.1,1.61,1.62,70.3,24.5,5.15,58.3
1,98.4,57.7,37.8,5.97,57.2,8.68,9.94,11.4,3.77,2.91,65.5,29.1,5.44,84.8
3,61.8,39.1,7.86,5.66,66.6,14.3,17.8,41.8,4.86,4.78,51.0,39.6,9.44,53.3
3,94.7,32.6,40.9,7.54,55.1,20.4,47.7,55.4,1.87,5.81,39.5,52.0,8.47,42.7
2,122.0,38.7,26.3,7.37,50.9,12.0,23.4,48.0,3.85,2.17,58.7,25.0,16.3,48.1
11,55.5,12.5,39.8,4.89,75.4,45.2,74.8,84.3,8.94,7.94,23.5,67.5,8.96,6.73
2,86.5,31.6,36.0,7.01,61.9,0.69,30.9,45.5,29.0,4.82,32.1,43.2,24.7,25.4
4,84.5,24.4,21.0,5.66,60.1,4.27,62.4,46.3,3.99,7.79,37.7,50.2,12.2,49.7
1,102.0,43.4,29.5,6.78,56.9,64.6,30.3,33.7,3.61,6.04,52.8,31.0,16.2,62.7
2,86.2,29.9,30.3,7.7,53.0,20.6,44.3,60.1,1.45,3.66,55.4,37.6,7.02,38.4
11,61.6,8.55,35.7,4.67,72.0,9.69,71.5,77.8,20.4,8.08,17.3,68.5,14.3,1.76
10,60.6,27.7,18.7,5.71,70.3,83.2,41.0,38.0,47.8,7.71,16.7,58.8,24.5,14.2
2,123.0,42.2,2.66,6.6,62.2,2.8,50.6,40.2,7.75,4.61,24.9,73.2,2.9,52.0
8,89.0,31.0,27.2,6.5,46.6,1.07,23.2,77.8,12.7,7.71,12.5,69.9,17.6,9.46
1,99.7,45.3,4.42,5.98,61.6,87.8,17.1,57.9,4.61,2.54,67.7,26.4,5.92,37.5
14,77.4,18.2,34.7,6.9,61.4,1.66,82.4,62.0,13.6,7.71,15.1,61.2,23.7,24.4
1,93.9,25.7,54.4,13.1,59.6,1.8,45.7,44.7,4.96,3.99,33.2,52.9,13.9,50.3
3,87.5,24.5,15.5,5.45,61.0,24.8,46.8,61.4,5.3,6.51,45.9,42.6,11.4,33.3
7,79.5,48.8,22.8,3.64,71.5,14.6,47.3,74.9,12.8,6.5,45.5,46.6,7.9,12.3
2,109.0,33.3,48.8,8.45,56.9,10.2,31.7,44.4,1.92,2.56,53.9,38.4,7.72,53.7
6,61.8,18.1,30.0,5.05,68.1,0.75,27.5,65.6,23.3,8.32,21.3,69.1,9.64,11.1
2,73.9,23.3,14.8,5.92,60.5,9.95,39.6,81.5,7.03,5.09,42.0,43.4,14.6,11.4
4,71.0,23.5,22.2,5.77,73.3,8.31,48.5,68.9,13.3,6.18,44.3,45.9,9.87,17.8
5,59.1,43.8,19.2,6.02,66.7,1232.0,31.4,40.6,9.97,5.65,30.1,60.8,9.05,49.4
9,67.0,11.2,33.9,6.45,73.4,7.36,82.6,27.1,70.7,10.4,2.9,75.0,22.1,2.22
18,48.7,13.1,23.6,4.55,67.4,16.3,53.6,62.6,49.0,11.7,7.51,69.0,23.5,1.55
3,91.7,32.3,18.4,5.66,61.0,42.1,24.4,38.4,26.1,7.59,28.0,45.6,26.4,35.5
3,62.5,19.1,28.0,5.45,68.8,5.48,34.0,48.9,46.7,11.4,18.6,62.2,19.2,4.38
3,69.5,37.7,14.3,6.08,45.1,2.0,23.3,60.8,10.7,6.5,28.6,65.1,6.35,28.5
1,97.4,34.4,33.2,6.7,59.6,3.86,46.8,42.0,2.81,4.82,50.3,38.2,11.5,55.2
1,96.5,48.7,6.93,5.89,63.4,21.2,15.2,24.0,3.8,4.16,71.7,23.7,7.57,74.3
1,110.0,47.2,22.0,5.82,55.6,14.5,15.9,37.3,1.79,5.15,47.3,47.6,5.07,60.9
11,55.3,17.5,49.6,8.2,75.9,0.37,33.7,67.8,27.3,5.87,23.8,58.1,18.1,4.86
2,116.0,38.1,42.4,7.46,55.3,15.1,25.4,56.1,1.44,1.64,57.2,35.8,7.01,42.5
3,95.8,30.2,21.7,7.53,62.5,3.5,43.2,75.7,7.44,4.63,26.8,62.7,10.5,16.9
5,46.4,7.63,17.3,3.36,69.6,3.57,37.7,50.3,34.9,11.0,15.8,69.4,14.8,14.8
7,47.1,19.1,29.6,7.34,74.4,32.6,57.7,50.6,15.9,6.37,25.0,61.9,13.1,33.4
1,107.0,43.7,24.8,5.85,52.3,23.6,31.8,35.8,6.29,3.5,40.8,50.7,8.46,57.9
4,56.4,32.9,14.0,5.56,63.5,50.7,26.0,70.4,9.11,5.31,26.0,65.7,8.35,20.5
9,76.8,24.5,43.2,6.54,56.7,2.12,44.5,73.0,16.2,7.68,20.1,63.2,16.7,10.8
2,74.4,42.0,29.6,5.96,67.6,26.8,13.7,19.0,4.18,3.72,29.2,63.0,7.78,76.8
4,56.3,17.6,20.4,3.39,72.4,5.83,58.4,78.9,10.3,7.22,32.7,61.9,6.22,10.8
1,141.0,46.8,24.4,7.93,57.3,16.6,16.9,77.0,6.22,1.14,48.4,46.2,5.41,16.8
5,96.0,38.9,29.6,6.68,50.9,159.0,35.9,69.0,6.78,6.16,41.9,46.8,11.2,24.2
4,77.9,45.5,21.9,9.09,65.3,179.0,33.3,58.2,11.2,4.54,16.4,72.1,11.5,30.5
3,79.5,43.5,37.6,6.45,62.0,8.44,11.5,45.2,14.7,5.35,31.4,44.7,23.8,40.1
10,60.4,23.0,25.3,4.95,74.4,29.0,68.6,56.8,12.9,8.87,34.4,52.0,13.7,30.2
1,90.7,44.1,30.7,5.52,63.4,10.0,13.4,21.5,2.38,4.0,69.9,26.1,4.01,76.1
3,95.6,21.5,19.1,5.17,67.4,0.18,54.1,79.7,4.59,5.06,22.7,70.6,6.7,15.7
3,94.7,26.9,66.3,13.6,64.3,12.7,44.7,69.9,1.07,2.69,34.3,61.8,3.9,29.0
1,108.0,36.9,48.7,7.47,49.4,6.43,32.2,42.3,5.23,2.79,54.9,34.9,10.2,52.5
12,54.4,26.1,28.7,4.8,57.7,51.4,62.5,79.4,17.7,9.09,6.06,79.0,14.9,2.97
3,67.7,28.6,41.2,7.78,68.7,7.56,25.0,73.3,26.1,10.3,2.96,79.8,18.2,6.26
2,102.0,41.8,33.5,6.86,58.6,44.3,23.1,31.4,2.96,5.17,60.4,32.8,6.85,65.6
8,93.9,55.6,51.0,7.03,67.2,1.09,24.2,33.7,6.28,5.3,57.6,25.8,16.6,60.0
1,92.9,27.7,27.3,6.73,57.5,6.45,38.0,68.1,1.0,4.6,49.3,46.2,4.51,30.9
2,119.0,34.1,24.5,6.61,57.1,32.5,14.4,28.9,5.34,5.62,62.8,28.3,8.9,65.7
4,48.9,22.7,24.0,4.5,74.8,88.0,29.6,34.0,10.3,8.32,49.0,43.7,7.24,55.7
4,88.1,46.3,30.8,8.92,65.5,23.2,30.8,25.6,15.1,4.76,22.5,64.3,13.2,59.3
3,109.0,43.2,19.9,6.43,55.7,13.7,37.3,45.5,5.85,6.73,47.5,43.7,8.73,48.6
2,89.3,32.1,25.0,5.63,50.6,12.7,30.9,68.2,8.3,8.11,22.0,68.0,10.1,23.5
10,53.5,20.0,22.8,4.51,76.9,2.91,48.6,55.5,22.6,9.76,21.6,69.6,8.83,22.0
6,99.3,37.2,23.7,6.31,56.3,24.2,41.1,46.4,7.26,5.77,34.5,45.5,19.9,46.3
8,44.5,18.7,28.5,4.55,73.6,2.89,61.4,39.1,45.6,11.4,10.0,71.6,18.3,15.3
15,50.9,26.4,13.8,5.02,71.2,8.49,55.2,33.1,49.0,10.6,13.1,66.5,20.4,17.9
3,67.8,41.2,27.7,5.97,70.3,149.0,24.3,79.3,13.6,4.57,29.6,56.9,13.5,7.1
2,111.0,48.3,21.3,6.74,59.6,9.46,41.7,69.7,3.23,3.17,49.6,39.3,11.1,27.1
5,78.4,24.4,17.3,4.86,68.5,10.2,57.6,59.4,14.2,8.07,25.0,42.0,33.0,26.4
1,112.0,33.4,39.1,7.56,57.8,16.0,22.9,42.2,1.69,1.66,69.3,25.1,5.52,56.1
1,99.2,57.4,37.5,5.97,57.9,8.98,10.1,11.5,3.74,3.02,65.2,29.3,5.56,84.8
3,62.1,37.3,8.84,5.63,67.0,14.6,17.3,44.1,5.3,4.86,49.9,40.5,9.54,50.6
3,95.2,32.1,41.2,7.53,55.6,20.9,47.5,57.2,1.97,5.88,39.0,52.6,8.38,40.8
2,124.0,38.9,26.7,7.47,51.4,12.4,23.2,51.3,3.35,2.26,59.7,26.1,14.2,45.4
12,54.5,12.1,41.0,4.82,75.7,45.7,75.1,83.5,9.58,8.06,23.5,67.4,9.1,6.89
2,85.9,31.2,35.8,6.95,62.2,0.71,31.1,44.4,31.0,4.98,31.8,42.1,26.1,24.6
5,84.7,23.2,18.6,5.66,60.8,4.4,64.4,44.1,3.54,7.92,40.5,48.7,10.8,52.3
1,106.0,43.1,29.9,6.82,57.4,66.8,31.7,33.4,3.61,6.28,53.6,30.1,16.3,63.0
3,87.4,29.8,29.8,7.53,53.6,21.0,44.7,62.3,1.5,3.69,56.6,35.2,8.18,36.2
11,60.5,8.03,35.7,4.64,72.3,9.81,72.2,78.1,20.5,8.2,15.8,70.0,14.2,1.37
10,61.3,26.4,18.5,5.57,70.5,85.0,40.1,37.9,48.2,7.79,15.9,59.8,24.3,13.9
2,124.0,42.0,2.61,6.65,62.7,2.84,52.2,38.5,7.75,4.81,23.2,75.2,2.67,53.7
9,86.9,29.7,26.7,6.41,48.1,1.07,24.1,77.8,12.7,7.86,12.5,69.9,17.6,9.46
1,99.0,44.3,4.63,5.94,62.5,90.1,18.1,58.1,4.31,2.67,66.7,27.2,6.09,37.6
15,76.9,17.4,33.4,6.72,62.2,1.71,83.3,62.4,14.2,7.86,14.8,62.1,23.1,23.4
1,94.5,25.2,54.9,13.4,59.9,1.86,47.4,44.7,4.96,4.07,33.2,52.9,13.9,50.3
3,89.8,22.8,15.9,5.46,61.4,25.4,48.3,61.7,5.67,6.5,45.1,43.1,11.8,32.6
7,78.5,48.4,23.2,3.64,71.9,15.0,47.4,75.1,12.9,6.65,44.6,47.3,8.05,12.0
2,109.0,32.1,49.2,8.47,57.4,10.4,32.2,44.8,1.99,2.71,53.2,39.3,7.52,53.2
6,60.1,16.4,32.0,5.03,68.3,0.75,27.4,65.6,23.3,8.37,21.3,69.1,9.64,11.1
2,72.3,22.2,15.4,5.9,60.9,10.1,39.9,82.1,7.01,5.23,41.5,43.8,14.6,10.9
4,68.7,22.3,22.2,5.7,73.6,8.48,48.8,68.8,13.6,6.26,43.8,45.8,10.5,17.6
5,57.2,42.9,20.7,5.94,67.1,1249.0,31.5,40.3,9.92,5.76,31.1,59.9,8.93,49.8
9,66.1,9.48,35.1,6.38,73.6,7.72,82.5,28.4,69.1,10.5,3.09,75.0,21.9,2.48
19,49.9,12.1,24.0,4.55,68.0,16.6,53.5,63.4,49.6,11.7,6.85,68.8,24.3,1.4
3,90.6,30.8,17.9,5.61,61.9,43.2,26.9,41.3,23.1,7.71,27.4,48.5,24.1,35.5
3,63.0,18.6,28.1,5.38,69.4,5.54,33.2,49.4,47.4,11.4,18.0,62.6,19.4,3.24
3,69.6,36.5,15.2,5.96,46.2,2.01,24.0,64.7,10.9,6.53,27.0,66.2,6.77,24.4
1,96.6,33.1,33.1,6.73,60.1,3.99,49.9,42.2,2.78,4.94,49.2,39.1,11.6,55.0
1,95.1,47.8,7.21,5.87,63.8,21.8,16.2,22.8,3.64,4.26,75.6,22.5,7.83,77.7
1,109.0,45.5,22.6,5.78,57.2,15.0,15.7,36.7,2.87,5.26,46.0,47.9,6.03,60.5
11,55.2,17.1,49.6,8.07,76.3,0.39,34.8,66.0,29.7,6.12,23.5,57.1,19.4,4.28
2,118.0,38.1,42.8,7.42,55.7,15.5,24.2,57.5,1.48,1.7,55.5,37.0,7.48,41.0
3,94.8,29.8,22.3,7.58,62.8,3.6,42.4,75.7,7.44,4.8,26.8,62.7,10.5,16.9
5,46.1,7.01,15.6,3.31,70.1,3.57,37.4,50.3,34.9,11.0,15.8,69.4,14.8,14.8
7,45.4,18.5,29.2,7.41,74.7,33.0,57.7,50.1,16.2,6.75,24.6,62.2,13.2,33.8
1,108.0,43.3,24.0,5.76,53.0,24.2,31.6,37.8,6.83,3.64,40.1,51.3,8.63,55.3
4,56.3,32.2,14.0,5.52,64.0,51.1,26.1,70.4,9.11,5.32,26.0,65.7,8.35,20.5
9,76.5,23.3,43.2,6.49,58.1,2.16,45.3,74.5,16.8,7.79,19.0,63.7,17.3,8.73
2,72.8,40.2,30.9,5.8,68.0,27.0,13.2,21.1,4.59,3.86,26.1,65.9,8.0,74.3
4,53.8,16.7,20.6,3.47,72.7,5.9,58.8,79.5,9.62,7.16,32.2,63.0,5.7,10.9
1,144.0,44.9,23.4,7.84,58.1,17.2,16.7,80.0,7.04,1.18,49.3,44.9,5.77,12.9
5,96.7,38.0,29.8,6.7,51.3,163.0,37.2,70.9,7.13,6.19,40.3,47.7,12.0,21.9
4,76.8,45.1,21.7,9.01,65.6,183.0,33.1,59.2,12.2,4.63,14.8,73.2,12.0,28.6
3,79.5,43.5,37.6,6.45,62.3,8.44,11.5,45.2,14.7,5.35,31.4,44.7,23.8,40.1
11,60.0,19.3,25.9,4.83,74.7,29.3,69.5,55.8,13.0,9.03,35.0,52.0,13.0,31.1
2,90.0,42.9,30.4,5.48,64.5,10.3,14.1,21.7,2.61,4.13,68.2,27.2,4.63,75.6
3,95.2,20.4,20.3,5.12,67.9,0.18,57.2,79.7,4.59,5.2,22.7,70.6,6.7,15.7
3,95.0,28.3,66.6,13.8,64.9,13.0,44.9,70.7,0.35,2.75,34.5,63.5,1.97,28.9
1,105.0,37.1,47.1,7.48,50.2,6.57,31.9,43.8,4.31,2.9,54.7,35.4,9.89,51.9
12,52.5,26.1,28.2,4.72,58.9,52.0,63.1,78.8,18.0,9.21,6.49,78.0,15.5,3.21
3,66.7,27.7,42.6,7.84,69.1,7.72,24.6,68.8,27.5,10.3,3.11,79.2,18.2,6.59
2,101.0,40.3,33.1,6.86,59.5,45.8,24.4,32.8,3.2,5.33,59.5,33.8,6.75,64.0
5,93.0,53.9,52.1,6.97,67.5,1.12,24.7,37.2,7.12,5.4,53.8,28.7,17.5,55.7
1,94.2,27.5,26.5,6.75,58.1,6.62,37.9,68.2,0.96,4.67,48.9,46.9,4.27,30.8
2,118.0,33.2,24.9,6.57,58.1,33.5,14.7,30.7,5.88,5.77,64.0,26.9,9.05,63.4
5,48.8,22.7,24.0,4.54,74.9,88.9,30.1,34.4,10.6,8.34,48.0,44.9,7.15,55.0
3,87.4,46.3,30.1,8.81,65.8,23.9,30.8,26.5,15.8,4.83,22.1,64.6,13.3,57.7
4,109.0,42.4,20.8,6.47,57.1,14.2,37.8,45.3,5.87,6.81,48.4,43.0,8.59,48.8
2,88.3,31.5,24.8,5.56,52.9,12.9,30.7,70.8,8.54,8.31,20.5,70.0,9.51,20.6
11,53.0,18.6,22.3,4.44,77.3,2.91,50.4,55.5,22.6,10.1,21.6,69.6,8.83,22.0
6,102.0,37.2,24.4,6.33,57.2,25.1,45.8,46.4,7.26,5.75,34.5,45.5,19.9,46.3
8,45.2,16.9,28.5,4.55,73.8,2.9,60.9,39.0,44.6,11.4,10.4,70.9,18.7,16.4
16,50.9,26.4,13.8,5.02,71.5,8.49,55.2,33.1,49.0,10.6,13.1,66.5,20.4,17.9
3,66.3,39.6,28.3,5.86,70.6,151.0,25.3,69.2,11.5,4.66,29.0,58.6,12.5,19.3
2,111.0,46.1,22.2,6.86,59.8,9.75,41.5,69.7,3.42,3.18,49.0,39.4,11.5,26.9
6,78.0,23.5,17.5,4.78,69.0,10.4,57.1,58.7,14.3,8.17,24.5,42.0,33.5,26.9
2,112.0,32.3,38.4,7.31,58.4,16.4,23.5,44.2,1.77,1.7,68.4,25.8,5.89,54.0
1,100.0,57.2,37.2,5.97,58.6,9.29,10.3,11.6,3.71,3.12,64.8,29.5,5.68,84.7
3,62.4,35.6,9.83,5.6,67.5,14.8,16.8,46.5,5.75,4.94,48.9,41.5,9.64,47.8
3,95.2,31.7,40.9,7.55,56.1,21.5,48.0,57.0,1.74,6.03,39.4,52.8,7.77,41.3
2,126.0,39.1,27.2,7.57,51.9,12.8,23.1,54.5,2.86,2.36,60.6,27.2,12.2,42.6
12,53.6,11.7,42.2,4.75,75.9,46.1,75.5,82.7,10.2,8.19,23.5,67.2,9.24,7.05
3,85.3,30.7,35.7,6.89,62.6,0.72,31.4,43.3,32.9,5.14,31.5,40.9,27.6,23.8
5,83.9,22.7,20.0,5.66,61.4,4.51,65.1,42.0,3.37,7.99,43.2,47.3,10.3,55.0
1,110.0,42.7,30.3,6.86,57.9,69.1,33.1,33.1,3.61,6.51,54.5,29.2,16.3,63.3
3,88.6,29.7,29.4,7.36,54.3,21.5,45.2,64.5,1.54,3.72,57.8,33.5,9.33,34.5
12,59.4,7.52,35.7,4.6,72.5,9.93,72.9,78.5,20.5,8.32,14.4,71.5,14.2,0.98
10,61.9,25.0,18.3,5.42,70.7,86.8,39.2,37.8,48.6,7.86,15.1,60.8,24.1,13.6
2,124.0,41.9,2.55,6.71,63.2,2.88,53.7,36.9,7.76,5.01,21.6,77.2,2.45,55.3
9,84.9,28.3,26.2,6.31,49.9,1.08,24.9,77.8,12.7,8.01,12.5,69.9,17.6,9.46
1,99.9,43.1,4.92,5.92,63.3,92.8,17.6,57.9,4.82,2.76,65.3,28.0,6.75,37.3
16,76.4,16.6,32.1,6.55,62.9,1.75,84.2,62.9,14.7,8.01,14.4,63.1,22.5,22.4
1,95.1,24.7,55.3,13.6,60.2,1.91,49.0,44.7,4.96,4.14,33.2,52.9,13.9,50.3
4,88.0,21.2,15.2,5.37,61.7,26.0,48.7,62.0,6.05,6.81,44.4,43.5,12.1,31.9
7,77.4,48.0,23.6,3.65,72.2,15.3,47.6,75.3,13.0,6.81,43.8,48.0,8.19,11.8
2,109.0,31.0,49.6,8.49,57.9,10.7,32.6,45.3,2.06,2.86,52.4,40.3,7.33,52.7
7,58.5,14.6,33.9,5.02,68.6,0.76,27.4,65.6,23.3,8.41,21.3,69.1,9.64,11.1
2,70.7,21.1,16.0,5.87,61.3,10.3,40.2,82.6,6.99,5.37,41.1,44.3,14.6,10.4
4,66.4,21.6,22.2,5.63,73.8,8.65,49.1,68.8,13.9,6.34,43.3,45.7,11.1,17.3
5,55.2,41.9,22.3,5.85,67.5,1266.0,31.6,40.0,9.87,5.87,32.1,59.1,8.81,50.1
9,65.1,7.8,36.3,6.31,73.7,8.09,82.4,29.7,67.5,10.6,3.28,75.0,21.7,2.74
21,51.2,11.1,24.4,4.55,68.8,16.8,53.5,64.2,50.1,11.7,6.2,68.6,25.2,1.24
3,89.4,29.2,17.4,5.56,62.7,44.4,29.4,44.3,20.1,7.82,26.9,51.4,21.8,35.6
3,63.5,18.0,28.2,5.31,69.9,5.61,32.3,49.9,48.0,11.5,17.3,63.0,19.6,2.09
3,69.7,35.2,16.1,5.84,47.4,2.02,24.7,68.7,11.1,6.56,25.5,67.3,7.19,20.2
1,95.8,31.9,33.1,6.75,60.7,4.12,53.0,42.4,2.75,5.07,48.2,40.1,11.8,54.9
1,93.7,46.9,7.48,5.84,64.3,22.5,17.2,21.6,3.47,4.36,79.5,21.3,8.09,81.2
1,109.0,43.8,23.2,5.73,58.6,15.4,15.5,36.1,3.95,5.37,44.8,48.2,7.0,60.0
11,55.0,16.8,49.6,7.93,76.7,0.41,35.9,64.2,32.2,6.36,23.1,56.1,20.7,3.69
2,119.0,38.2,43.3,7.38,56.1,16.0,22.9,59.0,1.52,1.76,53.9,38.2,7.96,39.5
4,93.8,29.4,22.8,7.64,63.1,3.7,41.7,75.7,7.44,4.98,26.8,62.7,10.5,16.9
6,45.7,6.4,13.9,3.25,70.6,3.56,37.2,50.3,34.9,11.1,15.8,69.4,14.8,14.8
7,43.6,18.0,28.8,7.49,75.0,33.4,57.8,49.5,16.5,7.14,24.1,62.5,13.3,34.1
1,109.0,42.9,23.2,5.67,53.9,24.8,31.3,39.9,7.37,3.78,39.4,51.8,8.8,52.8
4,56.2,31.5,14.0,5.48,64.5,51.5,26.3,70.4,9.11,5.34,26.0,65.7,8.35,20.5
10,76.3,22.2,43.2,6.44,59.4,2.2,46.0,76.0,17.3,7.89,17.8,64.2,17.9,6.66
2,71.7,39.3,31.3,5.77,68.4,27.1,22.6,21.2,4.65,3.96,25.7,66.5,7.8,74.1
4,51.2,15.9,20.7,3.54,73.0,5.98,59.2,80.0,8.93,7.11,31.7,64.1,5.18,11.1
1,146.0,42.9,22.4,7.74,58.8,17.8,16.4,83.1,7.86,1.22,50.2,43.6,6.13,9.08
5,97.3,37.2,30.0,6.71,51.8,167.0,38.5,72.8,7.48,6.21,38.6,48.5,12.9,19.7
4,75.8,44.6,21.4,8.93,65.8,187.0,32.9,60.2,13.1,4.73,13.2,74.3,12.5,26.7
3,79.5,43.5,37.6,6.45,62.6,8.44,11.5,45.2,14.7,5.35,31.4,44.7,23.8,40.1
11,59.7,18.0,26.3,4.9,75.0,29.5,69.3,54.9,13.1,8.95,35.7,52.1,12.3,32.0
2,89.3,41.7,30.1,5.44,65.4,10.6,14.8,22.0,2.84,4.26,66.4,28.4,5.24,75.2
3,94.7,19.4,21.4,5.08,68.3,0.19,60.3,79.7,4.59,5.33,22.7,70.6,6.7,15.7
3,93.2,18.5,60.9,13.8,65.4,13.4,41.0,62.0,4.0,2.72,31.2,59.9,8.88,34.0
2,102.0,37.4,45.4,7.48,51.0,6.72,31.5,45.3,3.39,3.0,54.5,35.9,9.59,51.3
12,54.1,26.1,29.2,4.79,60.1,52.8,63.2,78.3,18.3,9.25,6.92,77.0,16.0,3.44
3,65.7,26.8,43.9,7.9,69.3,7.88,24.2,64.2,28.9,10.3,3.27,78.6,18.1,6.91
2,101.0,38.7,32.6,6.86,60.5,47.2,25.7,34.1,3.44,5.49,58.6,34.7,6.65,62.4
6,92.2,52.3,53.2,6.92,67.7,1.14,25.3,40.7,7.97,5.51,50.0,31.6,18.3,51.4
1,95.5,27.3,25.8,6.77,58.7,6.79,37.8,68.4,0.91,4.75,48.4,47.5,4.03,30.7
2,116.0,32.2,25.3,6.51,59.0,34.7,16.2,32.8,6.5,5.91,58.5,31.2,10.3,60.7
5,48.8,22.7,24.0,4.57,75.0,89.8,30.7,34.8,10.9,8.36,46.9,46.1,7.06,54.3
3,86.8,46.3,29.5,8.71,65.9,24.5,30.8,27.3,16.5,4.89,21.7,65.0,13.3,56.2
3,109.0,41.6,21.8,6.51,58.5,14.6,38.3,45.0,5.89,6.89,49.3,42.2,8.45,49.1
2,88.8,30.3,25.5,5.55,55.0,13.1,30.6,71.2,9.54,8.39,19.0,70.4,10.6,19.3
11,52.6,17.2,21.9,4.37,77.6,2.9,52.2,55.5,22.6,10.4,21.6,69.6,8.83,22.0
6,105.0,37.2,25.1,6.35,58.1,26.1,50.4,46.4,7.26,5.74,34.5,45.5,19.9,46.3
8,45.9,15.0,28.5,4.55,74.1,2.91,60.4,38.9,43.6,11.4,10.9,70.1,19.0,17.5
16,50.9,26.4,13.8,5.02,71.8,8.49,55.2,33.1,49.0,10.6,13.1,66.5,20.4,17.9
3,64.9,37.9,28.9,5.74,70.9,153.0,26.3,59.1,9.32,4.74,28.3,60.3,11.4,31.6
2,110.0,43.8,23.1,6.97,60.1,10.0,41.3,69.7,3.61,3.19,48.5,39.5,12.0,26.7
6,77.6,22.6,17.7,4.7,69.5,10.5,56.5,58.1,14.5,8.26,24.1,41.9,34.0,27.4
2,113.0,31.1,37.6,7.05,58.9,16.9,24.1,46.2,1.85,1.74,67.4,26.4,6.27,51.9
1,101.0,56.9,36.8,5.97,59.1,9.6,10.4,11.7,3.68,3.23,64.5,29.7,5.79,84.7
3,62.7,33.8,10.8,5.57,67.9,15.0,16.3,48.8,6.19,5.02,47.9,42.4,9.75,45.0
3,95.3,31.2,40.5,7.58,56.6,22.1,48.5,56.8,1.52,6.17,39.9,53.0,7.17,41.7
2,129.0,39.3,27.6,7.68,52.4,13.2,22.9,57.7,2.36,2.45,61.5,28.4,10.1,39.9
13,52.6,11.3,43.4,4.67,76.1,46.6,75.9,81.9,10.9,8.31,23.5,67.1,9.38,7.21
3,84.7,30.2,35.5,6.83,62.9,0.74,31.6,42.1,34.9,5.3,31.2,39.7,29.1,23.0
6,83.1,22.2,21.3,5.66,62.0,4.63,65.9,39.9,3.21,8.06,46.0,45.9,9.78,57.6
1,114.0,42.4,30.7,6.9,58.4,71.4,34.5,32.8,3.61,6.75,55.4,28.2,16.4,63.6
3,89.9,29.5,29.0,7.18,54.9,21.9,45.6,66.6,1.58,3.75,59.0,31.9,10.5,32.8
12,58.3,7.0,35.7,4.57,72.8,10.0,73.7,78.8,20.6,8.44,12.9,73.0,14.1,0.59
10,62.5,23.6,18.2,5.27,70.9,88.6,38.3,37.7,49.0,7.94,14.2,61.9,23.9,13.3
2,125.0,41.8,2.49,6.76,63.7,2.92,55.3,35.2,7.76,5.22,19.9,79.2,2.23,57.0
9,82.8,27.0,25.7,6.22,51.7,1.09,25.8,77.8,12.7,8.16,12.5,69.9,17.6,9.46
1,101.0,42.0,5.21,5.9,64.0,95.5,17.1,57.6,5.32,2.86,63.8,28.8,7.42,37.1
17,75.9,16.0,31.0,6.38,63.6,1.79,84.9,63.4,15.2,8.16,14.1,64.0,21.9,21.4
1,95.7,24.2,55.7,13.8,60.4,1.96,50.7,44.7,4.96,4.22,33.2,52.9,13.9,50.3
4,86.3,19.6,14.5,5.27,62.1,26.6,49.1,62.3,6.42,7.11,43.6,44.0,12.5,31.2
7,76.3,47.6,24.1,4.46,72.6,15.6,45.9,75.5,13.0,6.35,42.9,48.7,8.33,11.5
2,109.0,31.0,50.0,8.43,58.4,10.9,33.0,47.5,2.18,2.9,51.4,41.1,7.52,50.3
7,56.8,12.9,35.8,5.0,68.8,0.76,27.3,65.6,23.3,8.46,21.3,69.1,9.64,11.1
2,70.8,21.1,16.6,5.82,61.7,10.4,40.0,82.6,7.3,5.5,40.3,44.8,14.9,10.1
4,64.2,20.8,22.2,5.56,74.1,8.82,49.4,68.7,14.2,6.42,42.8,45.6,11.7,17.1
5,55.0,40.9,20.8,5.84,67.9,1280.0,32.0,39.7,9.81,6.01,33.1,58.2,8.69,50.5
8,64.0,7.54,35.7,6.2,73.9,8.43,83.7,30.0,67.6,10.7,3.29,75.0,21.7,2.46
22,52.4,10.0,24.8,4.55,69.6,17.1,53.4,65.1,50.6,11.7,5.54,68.5,26.0,1.09
3,88.2,27.6,16.9,5.52,63.4,45.5,31.9,47.2,17.1,7.94,26.3,54.3,19.4,35.7
3,65.0,15.5,28.5,5.35,70.3,5.72,31.9,50.4,48.6,11.6,16.7,63.5,19.9,1.99
3,69.7,34.0,17.0,5.72,48.7,2.03,25.4,72.6,11.3,6.58,24.0,68.4,7.62,16.1
1,95.0,30.7,33.0,6.78,61.2,4.25,56.2,42.5,2.73,5.2,47.1,41.0,11.9,54.7
1,92.3,46.0,7.75,5.82,64.7,23.1,18.2,20.4,3.3,4.46,83.4,20.1,8.35,84.6
1,108.0,42.1,23.7,5.69,59.9,15.9,15.2,35.5,5.04,5.48,43.5,48.6,7.97,59.5
12,54.9,16.5,49.6,7.8,77.0,0.42,37.0,62.3,34.6,6.61,22.8,55.2,22.1,3.11
2,121.0,38.2,43.7,7.34,56.6,16.5,21.7,60.4,1.57,1.82,52.2,39.4,8.44,38.0
4,92.8,29.0,23.4,7.69,63.4,3.8,41.0,75.7,7.44,5.15,26.8,62.7,10.5,16.9
6,45.3,6.19,13.3,3.19,71.0,3.56,37.0,50.3,34.9,11.1,15.8,69.4,14.8,14.8
7,41.9,17.4,28.4,7.56,75.2,33.8,57.8,48.9,16.7,7.52,23.7,62.8,13.4,34.4
1,110.0,42.5,22.4,5.57,54.9,25.4,31.0,41.9,7.91,3.93,38.6,52.4,8.97,50.2
5,56.1,30.8,14.0,5.44,64.9,51.9,26.5,70.4,9.11,5.35,26.0,65.7,8.35,20.5
10,76.0,21.0,43.2,6.39,60.5,2.23,46.8,77.6,17.8,8.0,16.7,64.8,18.5,4.59
2,70.7,38.4,31.6,5.73,68.8,27.1,31.9,21.4,4.71,4.06,25.2,67.2,7.6,73.9
5,48.7,15.1,20.9,3.61,73.2,6.06,59.6,80.5,8.24,7.06,31.1,65.3,4.67,11.2
1,149.0,41.5,21.5,7.64,59.5,18.4,16.1,86.1,8.69,1.26,51.2,42.3,6.49,8.65
5,97.9,36.3,30.1,6.73,52.2,172.0,39.9,74.7,7.83,6.23,36.9,49.4,13.7,17.5
5,75.6,43.4,22.2,8.85,66.1,191.0,33.7,59.4,14.6,4.85,13.2,73.4,13.4,25.9
3,79.5,43.5,37.6,6.45,62.9,8.44,11.5,45.2,14.7,5.35,31.4,44.7,23.8,40.1
11,59.4,17.4,26.6,4.97,75.3,29.8,69.1,53.9,13.2,8.87,36.3,52.1,11.7,32.9
2,88.7,40.4,29.8,5.4,66.2,10.8,15.5,22.2,3.07,4.4,64.7,29.5,5.86,74.8
3,94.3,18.3,22.6,5.03,68.7,0.19,63.5,79.7,4.59,5.47,22.7,70.6,6.7,15.7
3,93.8,18.6,61.1,13.6,65.9,13.8,44.6,64.5,2.21,2.89,30.4,64.3,5.36,33.3
2,99.3,37.7,43.7,7.49,51.7,6.86,31.2,46.7,2.47,3.11,54.4,36.3,9.3,50.8
12,55.7,26.1,30.2,4.85,61.1,53.7,63.2,77.7,18.6,9.3,7.34,76.0,16.6,3.68
3,65.9,25.0,43.3,7.83,69.6,8.08,24.3,59.7,30.3,10.4,3.94,78.1,18.0,10.1
3,100.0,37.2,32.2,6.86,61.4,48.6,27.0,35.5,3.68,5.65,57.7,35.7,6.54,60.8
6,91.4,50.7,54.3,6.87,68.0,1.16,25.8,44.1,8.82,5.62,46.3,34.5,19.2,47.1
1,96.8,27.0,25.1,6.8,59.2,6.97,37.7,68.6,0.87,4.82,48.0,48.2,3.79,30.6
2,115.0,31.2,25.6,6.44,59.9,35.9,17.6,34.9,7.12,6.04,53.0,35.4,11.5,57.9
5,48.7,22.7,24.0,4.61,75.0,90.8,31.2,35.3,11.2,8.38,45.8,47.3,6.98,53.6
3,86.1,46.3,28.9,8.6,66.0,25.1,30.9,28.1,17.3,4.96,21.4,65.3,13.4,54.6
4,109.0,40.7,22.7,6.55,59.7,15.0,38.8,44.8,5.91,6.98,50.2,41.5,8.32,49.3
2,89.3,29.0,26.3,5.55,56.9,13.4,30.6,71.6,10.5,8.47,17.5,70.8,11.7,17.9
11,52.1,15.7,21.5,4.3,77.8,2.89,54.0,55.5,22.6,10.7,21.6,69.6,8.83,22.0
6,108.0,37.2,25.8,6.36,58.8,27.0,55.1,46.4,7.26,5.72,34.5,45.5,19.9,46.3
8,46.5,13.1,28.5,4.54,74.3,2.92,59.9,38.8,42.6,11.5,11.3,69.4,19.4,18.7
16,50.9,26.4,13.8,5.02,72.0,8.49,55.2,33.1,49.0,10.6,13.1,66.5,20.4,17.9
3,63.4,36.3,29.5,5.62,71.2,155.0,27.3,49.0,7.19,4.83,27.7,62.0,10.3,43.8
2,110.0,41.6,24.0,7.09,60.3,10.3,41.1,69.7,3.81,3.2,48.0,39.6,12.4,26.5
6,77.2,21.7,18.0,4.62,69.9,10.7,56.0,57.4,14.7,8.35,23.7,41.9,34.4,27.9
2,114.0,30.0,36.9,6.8,59.5,17.3,24.7,48.3,1.93,1.77,66.4,27.0,6.64,49.8
1,102.0,56.6,36.5,5.96,59.7,9.91,10.6,11.7,3.65,3.34,64.2,29.9,5.91,84.6
3,63.0,32.0,11.8,5.54,68.3,15.3,15.8,51.2,6.63,5.1,46.8,43.3,9.85,42.2
3,95.3,30.8,40.2,7.6,57.1,22.8,49.0,56.5,1.3,6.32,40.3,53.2,6.56,42.2
2,131.0,39.5,28.1,7.78,52.8,13.7,22.7,61.0,1.86,2.55,62.4,29.5,8.1,37.2
13,51.7,10.8,44.6,4.6,76.3,47.1,76.2,81.1,11.5,8.44,23.5,67.0,9.52,7.38
3,84.1,29.8,35.4,6.77,63.2,0.75,31.8,41.0,36.8,5.46,30.9,38.6,30.5,22.2
8,82.3,21.7,22.6,5.66,62.6,4.74,66.6,37.8,3.04,8.13,48.8,44.4,9.27,60.2
1,113.0,42.3,30.7,6.86,58.8,73.9,36.3,32.5,3.61,6.94,56.2,27.3,16.5,63.9
3,91.1,29.4,28.5,7.01,55.5,22.4,46.0,68.8,1.62,3.79,60.2,30.2,11.6,31.0
13,57.2,6.77,35.7,4.54,73.0,10.2,74.4,79.2,20.6,8.56,12.3,74.5,14.1,0.57
10,63.1,22.2,18.0,5.12,71.1,90.4,37.4,37.7,49.4,8.01,13.4,62.9,23.7,13.0
2,126.0,41.7,2.43,6.82,64.2,2.96,56.9,33.6,7.76,5.42,18.2,81.3,2.01,58.7
9,80.7,25.6,25.2,6.12,53.6,1.1,26.7,77.8,12.7,8.31,12.5,69.9,17.6,9.46
2,102.0,40.8,5.49,5.87,64.5,98.2,16.6,57.3,5.82,2.95,62.4,29.6,8.08,36.9
16,75.5,15.5,29.8,6.21,64.3,1.84,85.6,63.8,15.7,8.31,13.8,64.9,21.4,20.4
1,95.4,23.1,56.5,13.7,60.7,2.03,54.1,44.7,4.96,4.38,33.2,52.9,13.9,50.3
4,84.5,18.0,13.8,5.18,62.4,27.2,49.5,62.6,6.8,7.42,42.8,44.4,12.8,30.6
7,75.3,47.2,24.5,5.26,72.9,15.9,44.2,75.7,13.1,5.89,42.1,49.5,8.47,11.2
2,109.0,31.0,50.4,8.37,59.0,11.2,33.3,49.8,2.31,2.95,50.4,41.9,7.72,47.9
7,55.2,11.2,37.7,4.99,69.0,0.76,27.2,65.6,23.3,8.5,21.3,69.1,9.64,11.1
2,70.9,21.1,17.2,5.77,62.1,10.5,39.9,82.5,7.6,5.62,39.5,45.3,15.1,9.91
4,61.9,20.1,22.2,5.5,74.3,8.99,49.8,68.7,14.5,6.5,42.2,45.5,12.3,16.9
6,54.7,39.9,19.3,5.83,68.3,1295.0,32.3,39.4,9.76,6.15,34.1,57.3,8.57,50.9
8,62.9,7.28,35.1,6.08,74.0,8.77,85.1,30.2,67.6,10.9,3.3,74.9,21.8,2.18
23,53.7,9.02,25.2,4.55,70.5,17.3,53.3,65.9,51.2,11.7,4.88,68.3,26.8,0.93
3,87.0,26.0,16.5,5.47,64.1,46.7,34.4,50.2,14.1,8.06,25.8,57.1,17.1,35.7
3,66.5,12.9,28.9,5.38,70.6,5.84,31.5,50.9,49.3,11.7,16.1,63.9,20.1,1.89
3,69.8,32.7,17.9,5.6,49.9,2.04,26.1,76.6,11.5,6.61,22.4,69.5,8.04,11.9
1,94.2,29.7,32.9,6.81,61.7,4.38,58.2,42.7,2.7,5.33,46.0,42.0,12.0,54.6
1,91.0,45.2,8.03,5.8,65.1,23.7,19.2,19.2,3.13,4.57,87.3,18.9,8.61,88.1
1,108.0,40.3,24.3,5.65,61.0,16.3,15.0,34.8,6.12,5.59,42.2,48.9,8.94,59.0
12,54.8,16.1,49.6,7.67,77.4,0.44,38.0,60.5,37.0,6.86,22.4,54.2,23.4,2.52
2,121.0,36.0,43.5,7.42,57.0,17.0,22.0,60.2,2.09,1.96,50.5,40.6,8.92,37.7
4,91.7,28.5,24.0,7.75,63.7,3.9,40.3,75.7,7.44,5.33,26.8,62.7,10.5,16.9
6,45.0,5.97,12.8,3.14,71.3,3.55,36.8,50.3,34.9,11.1,15.8,69.4,14.8,14.8
7,40.2,16.8,28.0,7.63,75.5,34.2,57.9,48.3,17.0,7.9,23.3,63.2,13.6,34.7
1,111.0,42.1,21.6,5.48,56.1,26.0,30.8,43.9,8.46,4.07,37.9,52.9,9.14,47.6
5,56.1,30.2,14.0,5.4,65.4,52.3,26.6,70.4,9.11,5.36,26.0,65.7,8.35,20.5
10,75.7,20.3,43.2,6.34,61.4,2.27,47.6,79.1,18.3,8.11,15.9,65.3,19.1,4.37
3,69.6,37.6,32.0,5.7,69.2,27.2,41.2,21.5,4.77,4.17,24.8,67.8,7.4,73.7
5,46.2,14.2,21.0,3.69,73.4,6.14,60.0,81.1,7.55,7.0,30.6,66.4,4.15,11.4
1,151.0,40.0,20.7,7.55,60.1,19.0,15.9,89.1,9.51,1.3,52.1,41.0,6.85,8.22
6,98.1,36.3,30.1,6.75,52.7,177.0,40.6,77.4,8.56,6.41,37.8,48.9,13.3,14.0
5,75.4,42.2,23.1,8.77,66.4,196.0,34.5,58.7,16.1,4.96,13.2,72.5,14.3,25.2
4,79.5,43.5,37.6,6.45,63.2,8.44,11.5,45.2,14.7,5.35,31.4,44.7,23.8,40.1
12,59.1,16.8,27.0,5.04,75.5,30.0,68.9,52.9,13.3,8.79,37.0,52.2,11.1,33.8
2,88.0,39.2,29.5,5.36,66.9,11.1,16.1,22.4,3.3,4.53,62.9,30.6,6.47,74.3
3,93.8,17.2,23.7,4.98,69.1,0.2,66.6,79.7,4.59,5.6,22.7,70.6,6.7,15.7
3,94.3,18.7,61.3,13.4,66.4,14.2,48.3,66.9,0.41,3.06,29.5,68.6,1.83,32.7
1,96.1,36.3,41.5,7.21,52.4,7.02,34.5,45.3,2.55,3.44,55.2,35.0,9.75,52.2
12,57.3,26.1,31.1,4.92,62.0,54.5,63.3,77.2,18.9,9.34,7.77,75.0,17.2,3.92
3,66.1,23.1,42.7,7.76,69.9,8.28,24.4,55.1,31.7,10.5,4.61,77.5,17.9,13.2
3,99.2,35.6,31.8,6.86,62.3,50.1,28.3,36.9,3.92,5.81,56.9,36.7,6.44,59.2
8,90.6,49.1,55.4,6.82,68.2,1.18,26.3,47.6,9.66,5.73,42.5,37.5,20.0,42.7
2,98.1,26.8,24.4,6.82,59.6,7.14,37.6,68.7,0.83,4.9,47.6,48.9,3.55,30.5
2,113.0,30.2,25.9,6.38,60.7,37.2,19.1,37.0,7.74,6.18,47.5,39.7,12.8,55.2
5,48.6,22.7,24.0,4.64,75.1,91.7,31.8,35.7,11.4,8.4,44.7,48.4,6.89,52.9
3,85.4,46.3,28.3,8.49,66.1,25.8,30.9,29.0,18.0,5.03,21.0,65.6,13.4,53.0
4,109.0,39.9,23.6,6.59,60.8,15.4,39.3,44.5,5.93,7.06,51.0,40.8,8.18,49.6
2,89.7,27.8,27.1,5.54,58.4,13.6,30.5,72.0,11.5,8.54,16.1,71.2,12.8,16.5
12,51.6,14.3,21.1,4.23,78.0,2.89,55.9,55.5,22.6,11.0,21.6,69.6,8.83,22.0
6,111.0,37.2,26.5,6.38,59.4,27.9,59.8,46.4,7.26,5.71,34.5,45.5,19.9,46.3
8,47.2,11.3,28.5,4.54,74.5,2.93,59.5,38.7,41.5,11.5,11.7,68.6,19.7,19.8
15,50.9,26.4,13.8,5.02,72.3,8.49,55.2,33.1,49.0,10.6,13.1,66.5,20.4,17.9
4,61.8,34.6,29.2,5.5,71.5,156.0,26.1,46.7,6.85,5.0,27.1,63.7,9.8,56.0
2,109.0,39.4,24.8,7.21,60.6,10.6,40.8,69.7,4.0,3.22,47.4,39.7,12.9,26.3
7,76.8,20.8,18.2,4.54,70.3,10.9,55.5,56.7,14.8,8.45,23.3,41.8,34.9,28.4
2,115.0,28.8,36.1,6.54,59.9,17.7,25.3,50.3,2.01,1.81,65.4,27.6,7.01,47.7
1,103.0,56.3,36.2,5.96,60.1,10.2,10.7,11.8,3.62,3.45,63.9,30.1,6.03,84.5
3,63.3,30.9,12.8,5.51,68.6,15.5,15.3,53.5,7.08,5.18,45.8,44.3,9.95,40.2
3,95.4,30.4,39.8,7.63,57.6,23.4,49.4,56.3,1.07,6.46,40.7,53.4,5.95,42.6
2,133.0,39.7,28.5,7.88,53.1,14.1,22.6,64.2,1.37,2.64,63.3,30.6,6.06,34.4
13,50.7,10.4,45.8,4.53,76.5,47.5,76.6,80.3,12.1,8.56,23.5,66.8,9.66,7.54
3,83.5,29.3,35.3,6.72,63.5,0.77,32.0,39.9,38.8,5.62,30.6,37.4,32.0,21.4
7,81.5,21.2,24.0,5.66,63.1,4.86,67.3,35.7,2.87,8.2,51.6,43.0,8.76,62.8
1,111.0,42.1,30.7,6.83,59.3,76.4,38.2,32.2,3.61,7.12,57.1,26.4,16.5,64.2
3,92.3,29.2,28.1,6.84,56.1,22.8,46.4,71.0,1.67,3.82,61.4,28.5,12.8,29.3
14,56.1,6.53,35.7,4.5,73.2,10.3,75.1,79.5,20.7,8.68,11.7,76.0,14.0,0.54
10,63.7,21.5,17.8,4.97,71.3,92.2,36.5,37.6,49.8,8.09,12.8,63.9,23.5,12.6
2,127.0,41.5,2.38,6.87,64.7,3.0,58.4,31.9,7.77,5.62,16.6,83.3,1.79,60.3
9,78.6,24.7,24.8,6.03,55.4,1.1,27.6,77.8,12.7,8.46,12.5,69.9,17.6,9.46
2,103.0,39.7,5.78,5.85,65.0,101.0,16.1,57.0,6.32,3.05,60.9,30.3,8.75,36.7
16,75.0,14.9,28.6,6.03,64.9,1.88,86.3,64.3,16.2,8.46,13.4,65.8,20.8,19.5
1,95.2,22.1,57.4,13.7,60.9,2.09,57.5,44.7,4.96,4.54,33.2,52.9,13.9,50.3
4,89.0,17.8,16.5,5.56,62.8,27.9,48.4,62.9,7.17,7.25,42.0,44.8,13.2,29.9
7,74.2,46.8,25.0,6.07,73.3,16.3,42.5,75.9,13.2,5.43,41.2,50.2,8.61,10.9
2,108.0,31.0,50.8,8.32,59.6,11.5,33.7,52.1,2.44,2.99,49.4,42.7,7.91,45.5
7,53.6,10.8,39.6,4.98,69.3,0.77,27.2,65.6,23.3,8.54,21.3,69.1,9.64,11.1
2,71.1,21.2,17.8,5.72,62.5,10.7,39.7,82.4,7.91,5.75,38.8,45.8,15.4,9.68
4,59.6,19.3,22.2,5.43,74.5,9.16,50.1,68.7,14.7,6.58,41.7,45.4,12.9,16.6
6,54.5,38.9,17.8,5.82,68.6,1310.0,32.7,39.1,9.71,6.28,35.1,56.4,8.45,51.2
8,61.9,7.02,34.5,5.97,74.1,9.1,86.5,30.4,67.7,11.0,3.31,74.9,21.8,1.89
22,54.9,8.0,25.6,4.55,71.3,17.5,53.2,66.7,51.7,11.7,4.23,68.2,27.6,0.78
3,85.8,25.1,16.0,5.42,64.8,47.9,36.9,53.1,13.4,8.18,25.2,60.0,16.3,35.8
3,67.6,12.6,29.0,5.34,70.9,5.96,32.7,51.5,49.9,11.7,15.4,64.3,20.3,1.79
3,68.5,33.2,17.4,5.48,51.0,2.06,28.5,80.5,11.7,6.9,21.4,70.6,8.46,11.3
1,93.4,28.7,32.8,6.83,62.3,4.51,60.1,42.9,2.67,5.46,45.0,42.9,12.1,54.4
1,89.6,44.3,8.3,5.78,65.5,24.4,20.1,18.0,2.96,4.67,91.2,17.8,8.86,91.6
1,107.0,38.6,24.8,5.6,62.0,16.8,14.8,34.2,7.21,5.7,40.9,49.2,9.91,58.6
12,54.7,15.8,49.6,7.54,77.7,0.46,39.1,58.7,39.4,7.11,22.0,53.2,24.8,1.94
2,121.0,33.8,43.2,7.5,57.5,17.5,22.4,60.0,2.61,2.1,48.8,41.8,9.4,37.4
4,90.7,28.1,24.6,7.8,63.9,4.0,39.6,75.7,7.44,5.5,26.8,62.7,10.5,16.9
6,44.6,5.76,12.3,3.08,71.5,3.55,36.6,50.3,34.9,11.1,15.8,69.4,14.8,14.8
7,38.5,16.2,27.7,7.7,75.7,34.6,57.9,47.7,17.3,8.28,22.9,63.5,13.7,35.0
1,112.0,41.7,20.8,5.39,57.2,26.6,30.5,45.9,9.0,4.22,37.2,53.5,9.31,45.1
5,56.0,29.5,14.0,5.36,65.8,52.6,26.8,70.4,9.11,5.37,26.0,65.7,8.35,20.5
10,75.5,19.6,43.2,6.29,62.1,2.31,48.4,80.7,18.9,8.21,15.1,65.8,19.7,4.15
2,68.6,36.7,32.3,5.66,69.5,27.2,50.5,21.7,4.83,4.27,24.4,68.4,7.2,73.5
5,43.6,13.4,21.1,3.76,73.6,6.22,60.4,81.6,6.86,6.95,30.1,67.5,3.63,11.5
1,154.0,38.6,19.9,7.45,60.6,19.6,15.6,92.2,10.3,1.34,53.0,39.8,7.21,7.79
5,98.3,36.4,30.1,6.76,53.1,181.0,41.3,80.2,9.29,6.59,38.7,48.4,12.9,10.5
5,75.2,41.0,23.9,8.69,66.6,200.0,35.3,57.9,17.6,5.08,13.2,71.6,15.2,24.4
4,79.5,43.5,37.6,6.45,63.5,8.44,11.5,45.2,14.7,5.35,31.4,44.7,23.8,40.1
12,58.8,16.2,27.4,5.11,75.8,30.2,68.7,51.9,13.4,8.71,37.7,52.2,10.5,34.7
2,87.3,38.0,29.3,5.32,67.5,11.4,16.8,22.6,3.53,4.66,61.2,31.8,7.09,73.9
3,92.3,16.1,24.8,5.01,69.4,0.2,66.6,79.7,4.59,5.84,22.7,70.6,6.7,15.7
3,96.2,20.5,60.4,13.0,66.7,14.6,43.7,56.3,3.2,3.09,33.8,57.3,8.92,40.5
1,92.9,34.9,39.3,6.92,52.9,7.18,37.9,43.8,2.63,3.77,56.0,33.8,10.2,53.5
12,58.9,26.1,32.1,4.98,62.6,55.4,63.3,76.7,19.2,9.39,8.2,74.0,17.8,4.15
3,66.2,21.3,42.1,7.68,70.1,8.48,24.4,50.5,33.1,10.6,5.28,76.9,17.8,16.4
3,98.5,34.1,31.4,6.86,63.1,51.5,29.6,38.3,4.15,5.97,56.0,37.7,6.34,57.6
8,89.7,47.4,56.5,6.76,68.5,1.2,26.8,51.1,10.5,5.83,38.7,40.4,20.9,38.4
2,95.8,26.6,24.8,6.58,59.9,7.32,38.6,68.9,0.79,5.12,47.2,49.5,3.38,30.3
2,112.0,29.2,26.3,6.31,61.4,38.4,20.5,39.2,8.37,6.31,42.0,44.0,14.0,52.5
6,48.5,22.7,23.9,4.68,75.1,92.7,32.3,36.1,11.7,8.42,43.6,49.6,6.8,52.2
2,84.8,46.3,27.6,8.39,66.1,26.4,30.9,29.8,18.8,5.09,20.6,65.9,13.4,51.4
4,108.0,38.6,24.4,6.57,61.7,15.9,39.4,46.7,6.4,7.15,47.9,43.6,8.47,46.9
2,90.2,26.5,27.9,5.53,59.5,13.8,30.5,72.3,12.5,8.62,14.6,71.6,13.8,15.1
12,51.1,12.9,20.7,4.16,78.2,2.88,57.7,55.5,22.6,11.3,21.6,69.6,8.83,22.0
6,114.0,37.2,27.2,6.4,59.9,28.8,64.5,46.4,7.26,5.69,34.5,45.5,19.9,46.3
9,47.9,9.4,28.5,4.54,74.6,2.94,59.0,38.6,40.5,11.5,12.1,67.8,20.1,20.9
15,50.9,26.4,13.8,5.02,72.5,8.49,55.2,33.1,49.0,10.6,13.1,66.5,20.4,17.9
4,60.2,33.0,28.9,5.38,71.8,158.0,25.0,44.3,6.51,5.16,26.5,65.4,9.31,68.3
2,109.0,37.2,25.7,7.33,60.9,10.9,40.6,69.7,4.19,3.23,46.9,39.8,13.3,26.2
7,76.3,19.9,18.4,4.45,70.6,11.0,55.0,56.1,15.0,8.54,22.9,41.8,35.4,28.9
2,116.0,27.7,35.4,6.29,60.4,18.1,25.9,52.3,2.09,1.85,64.4,28.2,7.38,45.6
1,103.0,56.1,35.8,5.96,60.5,10.5,10.9,11.9,3.59,3.55,63.6,30.3,6.15,84.5
3,63.6,29.9,13.8,5.48,69.0,15.8,14.8,55.8,7.52,5.26,44.7,45.2,10.1,38.2
3,95.4,30.0,39.5,7.65,58.1,24.0,49.9,56.1,0.85,6.61,41.1,53.6,5.34,43.1
2,132.0,39.2,31.4,7.87,53.4,14.5,21.7,67.4,1.3,2.68,64.2,31.8,5.77,32.8
13,49.7,10.0,46.9,4.46,76.7,48.0,76.9,79.5,12.8,8.68,23.5,66.7,9.79,7.7
3,82.9,28.8,35.1,6.66,63.7,0.78,32.3,38.8,40.7,5.78,30.4,36.2,33.4,20.5
6,80.7,20.7,25.3,5.66,63.6,4.97,68.1,33.6,2.7,8.27,54.4,41.6,8.24,65.4
1,110.0,42.0,30.7,6.79,59.7,79.0,40.1,31.9,3.61,7.31,57.9,25.5,16.6,64.5
3,93.6,29.1,27.7,6.66,56.6,23.3,46.9,73.1,1.71,3.85,62.5,26.8,14.0,27.6
14,55.1,6.3,35.7,4.47,73.5,10.4,75.9,79.9,20.7,8.8,11.1,77.5,13.9,0.51
11,64.3,20.7,17.6,4.82,71.5,94.0,35.6,37.5,50.2,8.16,12.1,64.9,23.3,12.3
2,127.0,41.4,2.32,6.93,65.1,3.04,60.0,30.3,7.77,5.82,14.9,85.3,1.56,62.0
9,76.6,23.9,24.3,5.93,57.0,1.11,28.4,77.8,12.7,8.61,12.5,69.9,17.6,9.46
2,104.0,38.5,6.07,5.83,65.5,104.0,15.6,56.7,6.83,3.14,59.5,31.1,9.41,36.4
16,74.5,14.4,27.4,5.86,65.4,1.92,87.0,64.8,16.8,8.61,13.1,66.7,20.2,18.5
1,94.9,21.0,58.2,13.6,61.2,2.15,60.9,44.7,4.96,4.69,33.2,52.9,13.9,50.3
4,93.5,17.7,19.3,5.93,63.1,28.5,47.2,63.2,7.54,7.09,41.2,45.3,13.5,29.2
7,73.1,46.4,25.4,6.88,73.5,16.6,40.8,76.1,13.3,5.17,40.4,50.9,8.75,10.6
2,108.0,30.9,51.2,8.26,60.2,11.8,34.0,54.3,2.57,3.03,48.4,43.5,8.11,43.1
7,51.9,10.5,41.6,4.96,69.5,0.77,27.1,65.6,23.3,8.59,21.3,69.1,9.64,11.1
2,71.2,21.2,18.4,5.67,62.9,10.8,39.5,82.3,8.22,5.87,38.0,46.4,15.6,9.45
4,57.4,18.6,22.2,5.36,74.7,9.33,50.4,68.6,15.0,6.66,41.2,45.3,13.5,16.4
6,54.2,37.9,16.3,5.81,68.9,1325.0,33.0,38.8,9.66,6.42,36.1,55.5,8.33,51.6
8,60.8,6.76,33.9,5.85,74.2,9.44,87.9,30.7,67.7,11.1,3.32,74.9,21.8,1.61
22,56.1,7.73,26.0,4.55,72.1,17.8,53.1,67.5,52.3,11.7,3.57,68.0,28.4,0.63
3,84.6,24.3,15.5,5.38,65.4,49.0,39.4,56.1,12.7,8.3,24.7,62.9,15.5,35.8
3,68.6,12.4,29.1,5.31,71.1,6.08,33.8,52.0,50.5,11.7,14.8,64.8,20.5,1.7
3,67.3,33.6,16.9,5.37,52.1,2.08,31.0,84.4,11.9,7.2,20.3,71.8,8.88,10.8
1,92.6,27.6,32.7,6.86,62.8,4.64,62.1,43.1,2.65,5.59,43.9,43.8,12.3,54.3
1,88.2,43.4,8.57,5.76,65.9,25.0,21.1,16.8,2.79,4.77,95.1,16.6,9.12,95.0
1,107.0,36.9,25.4,5.56,62.7,17.2,14.6,33.6,8.29,5.81,39.6,49.5,10.9,58.1
12,54.5,15.4,49.6,7.4,78.0,0.48,40.2,56.8,41.8,7.35,21.7,52.2,26.1,1.35
2,121.0,31.5,43.0,7.57,58.0,18.0,22.8,59.8,3.13,2.24,47.2,42.9,9.88,37.0
4,89.7,27.7,25.1,7.86,64.2,4.09,38.9,75.7,7.44,5.68,26.8,62.7,10.5,16.9
7,44.3,5.55,11.8,3.02,71.6,3.54,36.4,50.3,34.9,11.2,15.8,69.4,14.8,14.8
7,36.8,15.6,27.3,7.77,76.0,35.0,57.9,47.1,17.5,8.66,22.4,63.8,13.8,35.3
1,113.0,41.3,20.0,5.29,58.3,27.2,30.2,48.0,9.54,4.36,36.4,54.1,9.48,42.5
5,55.9,28.8,14.0,5.32,66.2,53.0,26.9,70.4,9.11,5.38,26.0,65.7,8.35,20.5
10,75.2,18.9,43.2,6.24,62.6,2.35,49.1,82.2,19.4,8.32,14.3,66.3,20.3,3.94
3,67.5,35.8,32.7,5.63,69.8,27.3,59.9,21.8,4.89,4.37,24.0,69.0,7.0,73.3
5,41.1,12.6,21.3,3.84,73.9,6.3,60.8,82.1,6.17,6.89,29.6,68.6,3.11,11.7
1,156.0,37.2,19.1,7.35,61.1,20.2,15.3,95.2,11.2,1.38,54.0,38.5,7.57,7.35
5,98.4,36.4,30.2,6.78,53.5,186.0,42.0,83.0,10.0,6.78,39.6,47.9,12.5,6.99
5,75.0,39.7,24.8,8.61,66.8,204.0,36.0,57.2,19.1,5.2,13.2,70.7,16.1,23.7
4,79.5,43.5,37.6,6.45,63.7,8.44,11.5,45.2,14.7,5.35,31.4,44.7,23.8,40.1
12,58.5,15.6,27.7,5.18,76.0,30.5,68.5,50.9,13.5,8.63,38.3,52.3,9.88,35.6
2,86.6,36.8,29.0,5.28,67.9,11.6,17.5,22.8,3.76,4.79,59.4,32.9,7.71,73.4
3,90.7,15.0,25.9,5.05,69.7,0.2,66.6,79.7,4.59,6.08,22.7,70.6,6.7,15.7
3,96.2,20.5,60.4,13.0,67.1,15.0,43.7,56.3,3.2,3.09,33.8,57.3,8.92,40.5
1,89.6,33.5,37.2,6.64,53.4,7.33,41.2,42.4,2.71,4.1,56.8,32.5,10.7,54.9
12,60.5,26.1,33.1,5.05,63.2,56.2,63.4,76.1,19.5,9.43,8.62,73.1,18.3,4.39
3,66.4,19.4,41.5,7.61,70.4,8.68,24.5,46.0,34.5,10.6,5.94,76.3,17.8,19.5
3,97.8,33.0,30.9,6.86,63.8,52.9,30.9,39.6,4.39,6.13,55.1,38.7,6.24,56.0
7,88.9,45.8,57.6,6.71,68.7,1.22,27.4,54.6,11.4,5.94,35.0,43.3,21.7,34.1
2,93.5,26.4,25.2,6.34,60.2,7.51,39.6,69.0,0.75,5.35,46.7,50.2,3.21,30.2
2,111.0,28.2,26.6,6.25,62.0,39.6,22.0,41.3,8.99,6.45,36.5,48.3,15.3,49.7
6,48.5,22.7,23.9,4.71,75.2,93.6,32.9,36.5,12.0,8.44,42.5,50.8,6.72,51.5
2,84.1,46.3,27.0,8.28,66.1,27.1,30.9,30.7,19.5,5.16,20.2,66.3,13.5,49.8
4,106.0,37.3,25.2,6.54,62.5,16.4,39.6,48.9,6.86,7.24,44.8,46.4,8.76,44.2
2,90.0,25.8,26.6,5.44,60.3,14.0,30.7,72.7,13.5,8.71,13.9,72.0,14.9,14.4
12,50.6,11.5,20.3,4.09,78.3,2.87,59.5,55.5,22.6,11.6,21.6,69.6,8.83,22.0
6,117.0,37.2,27.8,6.42,60.4,29.8,66.1,46.4,7.26,5.67,34.5,45.5,19.9,46.3
9,48.6,9.09,28.5,4.54,74.8,2.95,58.5,38.5,39.5,11.5,12.5,67.1,20.4,22.1
15,50.9,26.4,13.8,5.02,72.7,8.49,55.2,33.1,49.0,10.6,13.1,66.5,20.4,17.9
4,58.5,31.3,28.5,5.27,72.1,160.0,23.9,42.0,6.16,5.33,25.9,67.1,8.82,80.5
2,108.0,34.9,26.6,7.44,61.2,11.2,40.4,69.7,4.38,3.24,46.3,39.9,13.7,26.0
7,75.9,19.0,18.6,4.37,70.9,11.2,54.4,55.4,15.2,8.64,22.5,41.7,35.8,29.4
2,117.0,26.5,34.6,6.03,60.8,18.6,26.5,54.4,2.18,1.89,63.4,28.8,7.76,43.5
1,104.0,55.8,35.5,5.96,60.9,10.8,11.0,12.0,3.57,3.66,63.3,30.5,6.26,84.4
4,63.9,28.8,14.7,5.45,69.3,16.0,14.3,58.2,7.96,5.34,43.7,46.2,10.2,36.2
3,95.5,29.5,39.1,7.68,58.5,24.6,50.4,55.9,0.63,6.75,41.5,53.8,4.73,43.5
2,130.0,38.8,34.3,7.85,53.7,15.0,20.8,70.6,1.24,2.71,65.1,32.9,5.48,31.2
13,48.8,9.59,48.1,4.39,76.9,48.4,77.3,78.7,13.4,8.81,23.5,66.6,9.93,7.86
2,82.2,28.4,35.0,6.6,63.9,0.8,32.5,37.6,42.6,5.94,30.1,35.0,34.9,19.7
6,79.9,20.2,26.6,5.66,64.0,5.09,68.8,31.5,2.53,8.34,57.1,40.2,7.73,68.1
1,108.0,41.8,30.7,6.76,60.0,81.5,42.0,31.6,3.61,7.49,58.8,24.6,16.7,64.8
4,94.8,29.0,27.2,6.49,57.0,23.7,47.3,75.3,1.75,3.88,63.7,25.2,15.1,25.9
15,54.0,6.07,35.7,4.44,73.7,10.5,76.6,80.2,20.8,8.92,10.4,79.0,13.9,0.48
11,65.0,20.0,17.4,4.68,71.7,95.8,34.7,37.4,50.6,8.24,11.5,65.9,23.1,12.0
2,128.0,41.3,2.26,6.99,65.5,3.07,61.6,28.6,7.77,6.02,13.2,87.3,1.34,63.6
9,74.5,23.0,23.8,5.84,58.3,1.12,29.3,77.8,12.7,8.76,12.5,69.9,17.6,9.46
2,104.0,37.3,6.36,5.81,65.9,106.0,15.1,56.5,7.33,3.23,58.0,31.9,10.1,36.2
16,74.0,13.8,26.2,5.69,65.8,1.97,87.8,65.2,17.3,8.76,12.8,67.6,19.6,17.5
1,94.7,20.0,59.1,13.6,61.4,2.22,64.2,44.7,4.96,4.85,33.2,52.9,13.9,50.3
4,98.0,17.5,22.1,6.31,63.5,29.1,46.1,63.5,7.92,6.92,40.4,45.7,13.8,28.6
7,72.1,46.0,25.9,7.68,73.8,16.9,39.2,76.3,13.4,4.91,39.5,51.6,8.89,10.3
2,107.0,30.9,51.6,8.2,60.7,12.1,34.4,56.6,2.69,3.08,47.4,44.3,8.3,40.7
8,50.3,10.1,43.5,4.95,69.6,0.77,27.1,65.6,23.3,8.63,21.3,69.1,9.64,11.1
2,71.3,21.2,19.0,5.62,63.3,11.0,39.3,82.3,8.52,6.0,37.2,46.9,15.9,9.22
4,55.1,17.8,22.2,5.29,74.9,9.5,50.7,68.6,15.3,6.74,40.7,45.2,14.0,16.1
7,54.0,36.9,15.7,5.8,69.2,1339.0,33.4,38.5,9.6,6.56,37.1,54.7,8.21,51.9
8,59.7,6.5,33.3,5.74,74.3,9.78,89.2,30.9,67.8,11.2,3.33,74.9,21.8,1.33
22,57.4,7.47,26.4,4.55,72.7,18.0,53.0,68.3,52.8,11.7,2.91,67.8,29.3,0.47
3,83.5,23.4,15.0,5.33,65.9,50.2,41.9,59.1,12.1,8.42,24.1,65.7,14.7,35.9
3,69.7,12.1,29.2,5.27,71.2,6.2,35.0,52.5,51.2,11.6,14.1,65.2,20.7,1.6
3,66.0,34.1,16.4,5.25,52.9,2.09,33.4,88.4,12.1,7.49,19.2,72.9,9.3,10.2
1,91.8,26.6,32.6,6.89,63.3,4.77,64.1,43.3,2.62,5.71,42.8,44.8,12.4,54.1
1,86.8,42.5,8.85,5.74,66.3,25.6,22.1,15.6,2.62,4.87,99.0,15.4,9.38,98.5
1,106.0,35.7,26.0,5.52,63.3,17.6,14.3,33.0,9.37,5.92,38.3,49.8,11.8,57.6
13,54.4,15.1,49.6,7.27,78.3,0.5,41.3,55.0,44.2,7.6,21.3,51.3,27.4,0.77
2,121.0,29.3,42.7,7.65,58.5,18.6,23.1,59.6,3.65,2.38,45.5,44.1,10.4,36.7
4,88.7,27.3,25.7,7.91,64.5,4.19,38.1,75.7,7.44,5.85,26.8,62.7,10.5,16.9
7,43.9,5.34,11.3,2.96,71.7,3.54,36.1,50.3,34.9,11.2,15.8,69.4,14.8,14.8
7,35.0,15.1,26.9,7.85,76.2,35.4,58.0,46.6,17.8,9.05,22.0,64.1,13.9,35.6
1,114.0,40.9,19.2,5.2,59.3,27.8,29.9,50.0,10.1,4.5,35.7,54.6,9.65,39.9
6,55.8,28.1,14.0,5.28,66.6,53.4,27.1,70.4,9.11,5.39,26.0,65.7,8.35,20.5
10,75.0,18.2,43.2,6.19,63.0,2.38,49.9,83.8,19.9,8.43,13.5,66.8,20.9,3.72
3,66.4,34.9,33.0,5.6,70.2,27.3,61.7,22.0,4.95,4.47,23.5,69.7,6.8,73.1
5,38.6,11.7,21.4,3.91,74.1,6.38,61.2,82.7,5.48,6.84,29.1,69.8,2.6,11.8
1,159.0,35.8,18.2,7.26,61.6,20.8,15.1,98.2,12.0,1.42,54.9,37.2,7.93,6.92
5,98.6,36.5,30.2,6.79,54.0,191.0,42.7,85.7,10.8,6.96,40.5,47.4,12.2,3.5
5,74.8,38.5,25.6,8.53,66.9,208.0,36.8,56.5,20.6,5.31,13.3,69.7,17.0,22.9
4,79.5,43.5,37.6,6.45,64.0,8.44,11.5,45.2,14.7,5.35,31.4,44.7,23.8,40.1
12,58.2,15.0,28.1,5.25,76.3,30.7,68.3,49.9,13.6,8.55,39.0,52.3,9.26,36.5
2,85.9,35.6,28.7,5.24,68.3,11.9,18.2,23.0,3.99,4.92,57.6,34.0,8.32,73.0
3,89.2,14.0,27.0,5.08,69.9,0.21,66.7,79.7,4.59,6.32,22.7,70.6,6.7,15.7
3,93.6,16.6,64.2,13.5,67.4,15.4,44.8,59.9,5.13,3.5,29.4,57.6,13.0,35.0
1,86.4,32.0,35.0,6.35,53.9,7.49,44.6,40.9,2.8,4.43,57.7,31.2,11.1,56.3
12,62.1,26.1,34.1,5.12,63.5,57.0,63.4,75.6,19.8,9.47,9.05,72.1,18.9,4.63
3,66.6,17.6,40.9,7.54,70.6,8.88,24.6,41.4,35.9,10.7,6.61,75.7,17.7,22.7
3,97.0,31.8,30.5,6.86,64.5,54.3,32.1,41.0,4.63,6.29,54.2,39.6,6.14,54.4
8,88.1,44.3,58.7,6.66,69.0,1.24,27.9,58.0,12.2,6.05,33.3,46.2,22.6,32.5
2,91.2,26.1,25.6,6.1,60.5,7.7,40.5,69.2,0.71,5.57,46.3,50.9,3.05,30.1
2,109.0,27.3,27.0,6.19,62.5,40.9,23.4,43.4,9.61,6.59,34.7,52.5,16.5,47.4
6,48.4,22.7,23.9,4.75,75.2,94.5,33.5,36.9,12.3,8.46,41.4,52.0,6.63,50.8
1,83.4,46.3,26.4,8.17,66.1,27.7,30.9,31.5,20.3,5.23,19.9,66.6,13.5,48.2
4,104.0,35.9,26.0,6.52,63.0,16.9,39.7,51.2,7.33,7.32,41.7,49.3,9.05,41.5
3,89.8,25.0,25.2,5.36,60.8,14.3,31.0,73.1,14.5,8.79,13.2,72.4,16.0,13.7
13,50.1,11.1,19.9,4.02,78.5,2.87,61.3,55.5,22.6,11.9,21.6,69.6,8.83,22.0
5,119.0,37.2,28.5,6.44,60.8,30.7,67.7,46.4,7.26,5.66,34.5,45.5,19.9,46.3
9,49.3,8.77,28.5,4.54,74.9,2.96,58.0,38.3,38.4,11.5,12.9,66.3,20.8,23.2
15,50.9,26.4,13.8,5.02,72.9,8.49,55.2,33.1,49.0,10.6,13.1,66.5,20.4,17.9
4,56.9,29.7,28.2,5.15,72.3,162.0,22.8,39.7,5.82,5.49,25.2,68.8,8.33,92.7
2,108.0,32.7,27.5,7.56,61.5,11.5,40.2,69.7,4.57,3.25,45.8,40.0,14.2,25.8
7,75.5,18.1,18.8,4.29,71.2,11.4,53.9,54.7,15.4,8.73,22.0,41.7,36.3,29.9
2,118.0,25.4,33.9,5.77,61.2,19.0,27.1,56.4,2.26,1.93,62.4,29.4,8.13,41.3
1,105.0,55.5,35.2,5.96,61.2,11.1,11.2,12.1,3.54,3.77,63.0,30.7,6.38,84.4
4,64.2,27.7,15.7,5.42,69.6,16.2,13.8,60.5,8.41,5.42,42.6,47.1,10.3,34.2
3,95.5,29.1,38.8,7.7,58.9,25.2,50.9,55.6,0.4,6.9,41.9,54.0,4.12,44.0
2,129.0,38.3,37.1,7.84,54.0,15.4,19.9,73.9,1.17,2.75,66.1,34.0,5.2,29.5
13,47.8,9.17,49.3,4.31,77.1,48.9,77.7,77.9,14.1,8.93,23.5,66.4,10.1,8.03
2,81.6,27.9,34.8,6.54,64.1,0.81,32.7,36.5,44.6,6.1,29.8,33.9,36.3,18.9
6,79.1,19.7,28.0,5.66,64.3,5.2,69.5,29.4,2.36,8.41,59.9,38.7,7.21,70.7
1,107.0,41.7,30.7,6.72,60.4,84.1,43.9,31.3,3.61,7.68,59.6,23.6,16.7,65.1
4,96.0,28.8,26.8,6.32,57.4,24.1,47.7,77.5,1.8,3.91,64.9,23.5,16.3,24.1
16,52.9,5.84,35.7,4.4,73.9,10.6,77.3,80.5,20.8,9.04,9.83,80.5,13.8,0.45
11,65.6,19.2,17.2,4.53,71.8,97.6,33.8,37.3,51.0,8.31,10.9,67.0,22.9,11.7
2,129.0,41.1,2.21,7.04,65.9,3.11,63.1,27.0,7.78,6.22,11.6,89.3,1.12,65.3
9,72.4,22.2,23.3,5.74,59.4,1.13,30.2,77.8,12.7,8.91,12.5,69.9,17.6,9.46
2,105.0,36.2,6.65,5.79,66.2,109.0,14.6,56.2,7.83,3.33,56.6,32.7,10.7,36.0
15,73.6,13.3,25.0,5.52,66.2,2.01,88.5,65.7,17.8,8.91,12.4,68.5,19.1,16.5
2,94.4,18.9,59.9,13.5,61.7,2.28,67.6,44.7,4.96,5.01,33.2,52.9,13.9,50.3
4,103.0,17.3,24.9,6.69,63.8,29.8,45.0,63.8,8.29,6.75,39.7,46.2,14.2,27.9
7,71.0,45.6,26.3,8.49,74.1,17.2,37.5,76.5,13.5,4.66,38.7,52.3,9.03,10.0
2,107.0,30.9,52.0,8.14,61.2,12.4,34.8,58.9,2.82,3.12,46.4,45.2,8.5,38.3
8,48.6,9.71,45.4,4.93,69.8,0.78,27.0,65.6,23.3,8.68,21.3,69.1,9.64,11.1
2,71.4,21.2,19.6,5.57,63.7,11.1,39.1,82.2,8.83,6.13,36.4,47.4,16.1,8.99
4,52.8,17.1,22.2,5.22,75.1,9.67,51.1,68.5,15.6,6.82,40.2,45.1,14.6,15.9
7,53.7,35.9,15.1,5.79,69.4,1354.0,33.8,38.2,9.55,6.7,38.1,53.8,8.09,52.3
8,58.6,6.24,32.7,5.63,74.4,10.1,89.7,31.1,67.8,11.3,3.34,74.9,21.8,1.27
22,58.6,7.2,26.8,4.55,73.2,18.3,52.9,69.1,53.4,11.7,2.25,67.7,30.1,0.32
3,82.3,22.5,14.5,5.28,66.3,51.3,44.4,62.0,11.4,8.53,23.6,68.6,13.9,35.9
3,70.7,11.8,29.3,5.23,71.3,6.32,36.1,53.0,51.8,11.6,13.5,65.6,20.9,1.5
3,64.7,34.5,15.8,5.13,53.7,2.11,35.8,92.3,12.3,7.78,18.2,74.0,9.72,9.65
1,91.0,25.6,32.5,6.91,63.7,4.9,66.1,43.5,2.59,5.84,41.8,45.7,12.5,54.0
1,85.4,41.6,9.12,5.72,66.7,26.3,23.1,14.4,2.45,4.97,103.0,14.2,9.64,102.0
1,106.0,34.4,26.5,5.47,63.8,18.1,14.1,32.4,10.5,6.03,37.0,50.2,12.8,57.1
13,54.3,14.8,49.6,7.14,78.6,0.51,42.4,53.2,46.6,7.85,20.9,50.3,28.8,0.73
2,120.0,27.1,42.5,7.73,58.9,19.1,23.5,59.4,4.18,2.52,43.8,45.3,10.8,36.4
4,87.6,26.8,26.3,7.97,64.7,4.29,37.4,75.7,7.44,6.03,26.8,62.7,10.5,16.9
7,43.6,5.12,10.8,2.91,71.8,3.53,35.9,50.3,34.9,11.2,15.8,69.4,14.8,14.8
8,33.3,14.5,26.5,7.92,76.5,35.8,58.0,46.0,18.1,9.43,21.6,64.5,14.0,36.0
1,115.0,40.5,18.4,5.1,60.2,28.4,29.7,52.0,10.6,4.65,35.0,55.2,9.82,37.4
6,55.7,27.5,14.0,5.24,66.9,53.8,27.2,70.4,9.11,5.4,26.0,65.7,8.35,20.5
10,74.7,17.5,43.2,6.14,63.4,2.42,50.7,85.3,20.4,8.54,12.7,67.4,21.5,3.5
3,65.4,34.0,33.4,5.56,70.5,27.3,63.5,22.2,5.0,4.57,23.1,70.3,6.6,72.8
5,36.0,10.9,21.6,3.98,74.3,6.45,61.6,83.2,4.79,6.79,28.5,70.9,2.08,12.0
1,161.0,34.3,17.4,7.16,62.0,21.4,14.8,101.0,12.8,1.46,55.8,35.9,8.29,6.49
5,98.8,36.5,30.2,6.81,54.3,196.0,43.5,88.5,11.5,7.14,41.3,46.9,11.8,0.0
5,74.6,37.3,26.5,8.45,67.1,212.0,37.6,55.7,22.1,5.43,13.3,68.8,17.9,22.1
4,79.5,43.5,37.6,6.45,64.3,8.44,11.5,45.2,14.7,5.35,31.4,44.7,23.8,40.1
13,57.9,14.4,28.4,5.32,76.5,31.0,68.1,48.9,13.7,8.47,39.7,52.4,8.64,37.4
2,85.3,34.3,28.4,5.2,68.7,12.2,18.8,23.3,4.22,5.06,55.9,35.2,8.94,72.5
3,87.6,12.9,28.0,5.12,70.2,0.21,66.7,79.7,4.59,6.56,22.7,70.6,6.7,15.7
3,94.1,18.7,65.6,13.3,67.7,15.9,43.4,57.2,2.89,3.6,35.8,55.1,9.09,39.9
1,89.8,30.6,40.1,6.65,54.3,7.64,42.9,39.5,2.88,4.42,58.5,29.9,11.6,57.6
12,63.7,26.1,35.1,5.18,63.9,57.9,63.5,75.1,20.1,9.52,9.48,71.1,19.5,4.87
4,66.8,17.0,40.2,7.47,70.9,9.08,24.7,39.4,37.4,10.8,7.28,75.1,17.6,25.8
3,96.3,30.7,30.1,6.86,65.0,55.8,33.4,42.4,4.87,6.45,53.3,40.6,6.03,52.8
8,87.2,42.7,59.8,6.6,69.3,1.26,28.4,61.5,13.0,6.15,31.6,49.1,23.4,30.8
2,88.9,25.9,26.0,5.87,60.8,7.88,41.5,69.3,0.67,5.79,45.9,51.5,2.88,30.0
2,108.0,26.3,27.3,6.12,63.0,42.1,24.9,45.5,10.2,6.72,33.0,56.8,17.7,45.0
7,48.3,22.7,23.9,4.78,75.3,95.5,34.0,37.3,12.5,8.48,40.3,53.1,6.54,50.1
1,82.7,46.3,25.8,8.06,66.1,28.3,30.9,32.3,21.0,5.3,19.5,66.9,13.6,46.6
4,102.0,34.6,26.7,6.49,63.5,17.4,39.8,53.4,7.79,7.41,38.5,52.1,9.35,38.8
3,89.5,24.3,23.9,5.27,61.2,14.5,31.2,73.4,15.5,8.88,12.5,72.8,17.1,13.0
13,49.6,10.7,19.4,3.95,78.6,2.86,63.2,55.5,22.6,12.2,21.6,69.6,8.83,22.0
5,122.0,37.2,29.2,6.45,61.2,31.6,69.3,46.4,7.26,5.64,34.5,45.5,19.9,46.3
10,50.0,8.46,28.5,4.54,75.1,2.97,57.5,38.2,37.4,11.5,13.3,65.6,21.1,24.4
15,50.9,26.4,13.8,5.02,73.0,8.49,55.2,33.1,49.0,10.6,13.1,66.5,20.4,17.9
5,55.3,28.0,27.9,5.03,72.6,163.0,21.7,37.3,5.48,5.66,24.6,70.5,7.84,105.0
2,108.0,31.6,28.3,7.68,61.8,11.8,39.9,69.7,4.76,3.26,45.2,40.1,14.6,25.6
7,75.1,17.2,19.0,4.21,71.5,11.5,53.4,54.1,15.5,8.82,21.6,41.6,36.8,30.4
2,119.0,24.2,33.2,5.52,61.6,19.4,27.8,58.4,2.34,1.97,61.4,30.1,8.5,39.2
1,106.0,55.3,34.8,5.96,61.6,11.4,11.3,12.2,3.51,3.87,62.6,30.9,6.5,84.3
4,64.5,26.7,16.7,5.39,69.9,16.5,13.3,62.8,8.85,5.5,41.6,48.1,10.4,32.2
3,95.5,28.7,38.4,7.72,59.3,25.8,51.3,55.4,0.38,7.05,42.3,54.2,3.93,44.4
2,128.0,37.8,40.0,7.82,54.2,15.8,19.0,77.1,1.11,2.78,67.0,35.1,4.91,27.9
13,46.9,8.75,50.5,4.24,77.3,49.4,78.0,77.1,14.7,9.06,23.5,66.3,10.2,8.19
2,81.0,27.4,34.7,6.48,64.3,0.83,32.9,35.4,46.5,6.26,29.5,32.7,37.8,18.1
6,78.3,19.2,29.3,5.66,64.6,5.32,70.3,27.3,2.2,8.48,62.7,37.3,6.7,73.3
1,105.0,41.6,30.7,6.68,60.7,86.6,45.8,31.0,3.61,7.87,60.5,22.7,16.8,65.4
4,97.3,28.7,26.4,6.14,57.8,24.6,48.2,79.7,1.84,3.94,66.1,21.8,17.4,22.4
17,51.8,5.6,35.7,4.37,74.1,10.8,78.1,80.9,20.8,9.16,9.22,82.1,13.8,0.43
11,66.2,18.5,17.1,4.38,72.0,99.4,32.9,37.2,51.4,8.39,10.2,68.0,22.7,11.4
2,129.0,41.0,2.15,7.1,66.3,3.15,64.7,25.3,7.78,6.42,9.92,91.3,0.9,66.9
9,70.3,21.3,22.9,5.65,60.5,1.13,31.0,77.8,12.7,9.06,12.5,69.9,17.6,9.46
2,106.0,35.0,6.93,5.76,66.6,112.0,14.1,55.9,8.33,3.42,55.1,33.5,11.4,35.8
15,73.1,12.7,23.8,5.34,66.5,2.05,89.2,66.2,18.3,9.06,12.1,69.4,18.5,15.5
2,94.1,18.3,60.8,13.5,62.0,2.34,69.1,44.7,4.96,5.17,33.2,52.9,13.9,50.3
4,107.0,17.2,27.6,7.06,64.1,30.4,43.8,64.1,8.67,6.59,38.9,46.6,14.5,27.2
8,70.0,45.2,26.7,9.3,74.3,17.6,35.8,76.7,13.6,4.4,37.8,53.0,9.18,9.77
2,106.0,30.9,52.4,8.08,61.7,12.7,35.1,61.1,2.95,3.16,45.3,46.0,8.69,36.5
8,47.0,9.34,47.3,4.92,69.9,0.78,26.9,65.6,23.3,8.72,21.3,69.1,9.64,11.1
2,71.5,21.2,20.3,5.52,64.0,11.3,38.9,82.1,9.13,6.25,35.7,47.9,16.4,8.76
4,50.6,16.4,22.2,5.15,75.3,9.84,51.4,68.5,15.8,6.9,39.7,45.0,15.2,15.7
8,53.5,34.9,14.5,5.78,69.7,1369.0,34.1,37.9,9.5,6.83,39.1,52.9,7.97,52.6
8,57.5,5.98,32.1,5.51,74.5,10.5,90.2,31.4,67.8,11.5,3.35,74.9,21.8,1.21
22,59.9,6.93,27.2,4.55,73.7,18.5,52.9,69.9,53.9,11.7,1.6,67.5,30.9,0.16
3,81.1,21.7,14.0,5.24,66.8,52.5,46.9,65.0,10.7,8.65,23.0,71.5,13.0,36.0
4,71.8,11.5,29.4,5.19,71.4,6.44,37.2,53.5,52.4,11.6,12.9,66.1,21.1,1.4
3,63.4,35.0,15.3,5.01,54.5,2.12,38.2,96.3,12.6,8.07,17.1,75.1,10.1,9.08
1,90.2,24.6,32.5,6.94,64.2,5.03,68.1,43.6,2.57,5.97,40.7,46.6,12.7,53.8
1,84.0,40.7,9.39,5.7,67.1,26.9,24.1,13.2,2.28,5.07,107.0,13.0,9.9,105.0
1,105.0,33.2,27.1,5.43,64.3,18.5,13.9,31.8,11.5,6.14,35.7,50.5,13.8,56.6
13,54.2,14.4,49.6,7.01,78.9,0.53,43.5,51.4,49.0,8.1,20.6,49.3,30.1,0.69
2,120.0,26.2,42.2,7.81,59.3,19.6,23.8,59.2,4.7,2.66,42.2,46.5,11.3,36.1
4,86.6,26.4,26.8,8.02,64.9,4.39,36.7,75.7,7.44,6.2,26.8,62.7,10.5,16.9
7,43.2,4.91,10.3,2.85,71.9,3.53,35.7,50.3,34.9,11.3,15.8,69.4,14.8,14.8
8,31.6,13.9,26.1,7.99,76.7,36.2,58.1,45.4,18.3,9.81,21.1,64.8,14.1,36.3
1,116.0,40.1,17.6,5.01,61.0,29.0,29.4,54.1,11.2,4.79,34.2,55.8,9.99,34.8
6,55.7,26.8,14.0,5.2,67.2,54.2,27.4,70.4,9.11,5.41,26.0,65.7,8.35,20.5
9,74.5,16.8,43.2,6.09,63.7,2.46,51.5,86.9,21.0,8.64,11.9,67.9,22.1,3.28
3,64.3,33.2,33.7,5.53,70.8,27.4,65.3,22.3,5.06,4.68,22.7,70.9,6.4,72.6
5,33.5,10.0,21.7,4.06,74.5,6.53,62.0,83.8,4.1,6.73,28.0,72.0,1.56,12.1
1,164.0,32.9,16.6,7.06,62.4,22.1,14.5,104.0,13.6,1.5,56.7,34.6,8.65,6.06
5,99.0,36.5,30.2,6.83,54.7,201.0,44.2,91.3,12.2,7.32,42.2,46.4,11.4,0.0
6,74.4,36.1,27.3,8.37,67.3,216.0,38.4,55.0,23.6,5.55,13.3,67.9,18.8,21.4
4,79.5,43.5,37.6,6.45,64.5,8.44,11.5,45.2,14.7,5.35,31.4,44.7,23.8,40.1
13,57.6,13.8,28.8,5.39,76.7,31.2,68.0,48.0,13.8,8.39,40.3,52.5,8.03,38.3
2,84.6,33.1,28.1,5.16,69.1,12.4,19.5,23.5,4.45,5.19,54.1,36.3,9.55,72.1
3,86.1,11.8,29.1,5.15,70.4,0.22,66.7,79.7,4.59,6.8,22.7,70.6,6.7,15.7
3,95.7,17.6,62.9,12.5,68.0,16.3,44.5,62.7,2.21,3.36,25.1,65.5,9.5,35.1
1,93.1,29.2,45.1,6.94,54.7,7.8,41.2,38.0,2.96,4.41,59.3,28.7,12.0,59.0
12,65.3,26.1,36.1,5.25,64.2,58.7,63.5,74.5,20.4,9.56,9.9,70.1,20.0,5.1
4,67.0,16.4,39.6,7.4,71.1,9.28,24.8,37.5,38.8,10.8,7.95,74.5,17.5,29.0
3,95.5,29.6,29.6,6.86,65.6,57.2,34.7,43.7,5.11,6.61,52.5,41.6,5.93,51.2
8,86.4,41.2,60.9,6.55,69.5,1.28,28.9,65.0,13.9,6.26,30.0,52.0,24.3,29.2
2,86.6,25.7,26.4,5.65,61.0,8.07,42.5,69.5,0.63,6.02,45.4,52.2,2.71,29.9
2,106.0,25.4,27.6,6.06,63.4,43.4,26.3,47.6,10.9,6.86,31.3,61.1,19.0,42.6
7,48.2,22.7,23.9,4.82,75.4,96.4,34.6,37.8,12.8,8.5,39.2,54.3,6.46,49.4
1,82.1,46.3,25.2,7.96,66.1,29.0,30.9,33.2,21.8,5.36,19.1,67.2,13.6,45.1
4,100.0,33.4,27.5,6.47,64.0,17.8,40.0,55.6,8.25,7.5,36.7,55.0,9.64,37.0
3,89.3,23.5,22.6,5.18,61.6,14.7,31.5,73.8,16.5,8.96,11.8,73.2,18.2,12.3
